{
  "en": {
    "title": "About Us | BacklinkWizard - Meet Our Expert Team & Learn Our Mission",
    "description": "Discover Backlink Wizard’s mission and meet the expert team behind our powerful SEO tools. Learn about our commitment to helping you boost your website’s search rankings with high-quality backlinks. Join us on our journey to SEO success!",
    "robots": "index, follow",
    "author": "BacklinkWizard"
  },
  "hi": {
    "title": "hiiiiii-about",
    "description": "hiiiiii",
    "robots": "index, follow",
    "author": "BacklinkWizard"
  }
}
