{
  "en": {
    "title": "Contact Us | BacklinkWizard - Get in Touch with Our SEO Experts",
    "description": "Have questions or need assistance? Contact Backlink Wizard’s expert team for support with our SEO tools, backlink strategies, and more. We're here to help you achieve SEO success. Reach out to us today!",
    "robots": "index, follow",
    "author": "BacklinkWizard"
  },
  "hi": {
    "title": "hiiiiii-contact",
    "description": "hiiiiii",
    "robots": "index, follow",
    "author": "BacklinkWizard"
  }
}
