{
  "en": {
    "title": "BacklinkWizard | Ultimate Tool for High-Quality Backlinks & SEO Success",
    "description": "Boost your website’s SEO with Backlink Wizard! Discover powerful tools for generating high-quality backlinks, improving your search rankings, and driving organic traffic. Get started today and transform your SEO strategy!",
    "robots": "index, follow",
    "author": "BacklinkWizard"
  },
  "hi": {
    "title": "hiiiiii-home",
    "description": "hiiiiii",
    "robots": "index, follow",
    "author": "BacklinkWizard"
  }
}
