{
  "en": {
    "title": "Privacy Policy | BacklinkWizard - Your Privacy is Our Priority",
    "description": "Learn how Backlink Wizard protects your privacy. Read our comprehensive privacy policy to understand how we collect, use, and safeguard your information. Your trust is important to us",
    "robots": "index, follow",
    "author": "BacklinkWizard"
  },
  "hi": {
    "title": "hiiiiii-privacy",
    "description": "hiiiiii",
    "robots": "index, follow",
    "author": "BacklinkWizard"
  }
}
