{
  "en": {
    "title": "Sign Up | BacklinkWizard - Create Your Account for SEO Success",
    "description": "Sign up for Backlink Wizard and gain access to powerful SEO tools and resources. Start optimizing your website’s search performance and building high-quality backlinks today",
    "robots": "index, follow",
    "author": "BacklinkWizard"
  },
  "hi": {
    "title": "hiiiiii-sign-up",
    "description": "hiiiiii",
    "robots": "index, follow",
    "author": "BacklinkWizard"
  }
}
