{
  "en": {
    "title": "Sign In | BacklinkWizard - Access Your SEO Tools and Dashboard",
    "description": "Sign in to Backlink Wizard to access your personalized SEO tools and dashboard. Manage your backlink strategies, track your progress, and optimize your website’s search performance",
    "robots": "index, follow",
    "author": "BacklinkWizard"
  },
  "hi": {
    "title": "hiiiiii-sign-in",
    "description": "hiiiiii",
    "robots": "index, follow",
    "author": "BacklinkWizard"
  }
}
