{
  "en": {
    "title": "Terms and Conditions | BacklinkWizard - Understand Our Service Terms",
    "description": "Read the terms and conditions of using Backlink Wizard. Understand your rights and obligations when using our SEO tools and services. Stay informed and ensure compliance with our guidelines",
    "robots": "index, follow",
    "author": "BacklinkWizard"
  },
  "hi": {
    "title": "hiiiiii-terms",
    "description": "hiiiiii",
    "robots": "index, follow",
    "author": "BacklinkWizard"
  }
}
